"Country Code","Country Name","Alpha Three Code","Source Country Name","Name Source"
"AD","Andorra","AND","Andorra","UN M49"
"AE","United Arab Emirates","ARE","United Arab Emirates","UN M49"
"AF","Afghanistan","AFG","Afghanistan","UN M49"
"AG","Antigua and Barbuda","ATG","Antigua and Barbuda","UN M49"
"AI","Anguilla","AIA","Anguilla","UN M49"
"AL","Albania","ALB","Albania","UN M49"
"AM","Armenia","ARM","Armenia","UN M49"
"AO","Angola","AGO","Angola","UN M49"
"AQ","Antarctica","ATA","Antarctica","UN M49"
"AR","Argentina","ARG","Argentina","UN M49"
"AS","American Samoa","ASM","American Samoa","UN M49"
"AT","Austria","AUT","Austria","UN M49"
"AU","Australia","AUS","Australia","UN M49"
"AW","Aruba","ABW","Aruba","UN M49"
"AX","Åland Islands","ALA","Åland Islands","UN M49"
"AZ","Azerbaijan","AZE","Azerbaijan","UN M49"
"BA","Bosnia and Herzegovina","BIH","Bosnia and Herzegovina","UN M49"
"BB","Barbados","BRB","Barbados","UN M49"
"BD","Bangladesh","BGD","Bangladesh","UN M49"
"BE","Belgium","BEL","Belgium","UN M49"
"BF","Burkina Faso","BFA","Burkina Faso","UN M49"
"BG","Bulgaria","BGR","Bulgaria","UN M49"
"BH","Bahrain","BHR","Bahrain","UN M49"
"BI","Burundi","BDI","Burundi","UN M49"
"BJ","Benin","BEN","Benin","UN M49"
"BL","Saint Barthélemy","BLM","Saint Barthélemy","UN M49"
"BM","Bermuda","BMU","Bermuda","UN M49"
"BN","Brunei Darussalam","BRN","Brunei Darussalam","UN M49"
"BO","Bolivia (Plurinational State of)","BOL","Bolivia (Plurinational State of)","UN M49"
"BQ","Bonaire, Sint Eustatius and Saba","BES","Bonaire, Sint Eustatius and Saba","UN M49"
"BR","Brazil","BRA","Brazil","UN M49"
"BS","Bahamas","BHS","Bahamas","UN M49"
"BT","Bhutan","BTN","Bhutan","UN M49"
"BV","Bouvet Island","BVT","Bouvet Island","UN M49"
"BW","Botswana","BWA","Botswana","UN M49"
"BY","Belarus","BLR","Belarus","UN M49"
"BZ","Belize","BLZ","Belize","UN M49"
"CA","Canada","CAN","Canada","UN M49"
"CC","Cocos (Keeling) Islands","CCK","Cocos (Keeling) Islands","UN M49"
"CD","Democratic Republic of the Congo","COD","Democratic Republic of the Congo","UN M49"
"CF","Central African Republic","CAF","Central African Republic","UN M49"
"CG","Congo","COG","Congo","UN M49"
"CH","Switzerland","CHE","Switzerland","UN M49"
"CI","Côte d’Ivoire","CIV","Côte d’Ivoire","UN M49"
"CK","Cook Islands","COK","Cook Islands","UN M49"
"CL","Chile","CHL","Chile","UN M49"
"CM","Cameroon","CMR","Cameroon","UN M49"
"CN","China","CHN","China","UN M49"
"CO","Colombia","COL","Colombia","UN M49"
"CR","Costa Rica","CRI","Costa Rica","UN M49"
"CU","Cuba","CUB","Cuba","UN M49"
"CV","Cabo Verde","CPV","Cabo Verde","UN M49"
"CW","Curaçao","CUW","Curaçao","UN M49"
"CX","Christmas Island","CXR","Christmas Island","UN M49"
"CY","Cyprus","CYP","Cyprus","UN M49"
"CZ","Czechia","CZE","Czechia","UN M49"
"DE","Germany","DEU","Germany","UN M49"
"DJ","Djibouti","DJI","Djibouti","UN M49"
"DK","Denmark","DNK","Denmark","UN M49"
"DM","Dominica","DMA","Dominica","UN M49"
"DO","Dominican Republic","DOM","Dominican Republic","UN M49"
"DZ","Algeria","DZA","Algeria","UN M49"
"EC","Ecuador","ECU","Ecuador","UN M49"
"EE","Estonia","EST","Estonia","UN M49"
"EG","Egypt","EGY","Egypt","UN M49"
"EH","Western Sahara","ESH","Western Sahara","UN M49"
"ER","Eritrea","ERI","Eritrea","UN M49"
"ES","Spain","ESP","Spain","UN M49"
"ET","Ethiopia","ETH","Ethiopia","UN M49"
"FI","Finland","FIN","Finland","UN M49"
"FJ","Fiji","FJI","Fiji","UN M49"
"FK","Falkland Islands (Malvinas)","FLK","Falkland Islands (Malvinas)","UN M49"
"FM","Micronesia (Federated States of)","FSM","Micronesia (Federated States of)","UN M49"
"FO","Faroe Islands","FRO","Faroe Islands","UN M49"
"FR","France","FRA","France","UN M49"
"GA","Gabon","GAB","Gabon","UN M49"
"GB","United Kingdom","GBR","United Kingdom of Great Britain and Northern Ireland","UN M49"
"GD","Grenada","GRD","Grenada","UN M49"
"GE","Georgia","GEO","Georgia","UN M49"
"GF","French Guiana","GUF","French Guiana","UN M49"
"GG","Guernsey","GGY","Guernsey","UN M49"
"GH","Ghana","GHA","Ghana","UN M49"
"GI","Gibraltar","GIB","Gibraltar","UN M49"
"GL","Greenland","GRL","Greenland","UN M49"
"GM","Gambia","GMB","Gambia","UN M49"
"GN","Guinea","GIN","Guinea","UN M49"
"GP","Guadeloupe","GLP","Guadeloupe","UN M49"
"GQ","Equatorial Guinea","GNQ","Equatorial Guinea","UN M49"
"GR","Greece","GRC","Greece","UN M49"
"GS","South Georgia and the South Sandwich Islands","SGS","South Georgia and the South Sandwich Islands","UN M49"
"GT","Guatemala","GTM","Guatemala","UN M49"
"GU","Guam","GUM","Guam","UN M49"
"GW","Guinea-Bissau","GNB","Guinea-Bissau","UN M49"
"GY","Guyana","GUY","Guyana","UN M49"
"HK","China, Hong Kong Special Administrative Region","HKG","China, Hong Kong Special Administrative Region","UN M49"
"HM","Heard Island and McDonald Islands","HMD","Heard Island and McDonald Islands","UN M49"
"HN","Honduras","HND","Honduras","UN M49"
"HR","Croatia","HRV","Croatia","UN M49"
"HT","Haiti","HTI","Haiti","UN M49"
"HU","Hungary","HUN","Hungary","UN M49"
"ID","Indonesia","IDN","Indonesia","UN M49"
"IE","Ireland","IRL","Ireland","UN M49"
"IL","Israel","ISR","Israel","UN M49"
"IM","Isle of Man","IMN","Isle of Man","UN M49"
"IN","India","IND","India","UN M49"
"IO","British Indian Ocean Territory","IOT","British Indian Ocean Territory","UN M49"
"IQ","Iraq","IRQ","Iraq","UN M49"
"IR","Iran (Islamic Republic of)","IRN","Iran (Islamic Republic of)","UN M49"
"IS","Iceland","ISL","Iceland","UN M49"
"IT","Italy","ITA","Italy","UN M49"
"JE","Jersey","JEY","Jersey","UN M49"
"JM","Jamaica","JAM","Jamaica","UN M49"
"JO","Jordan","JOR","Jordan","UN M49"
"JP","Japan","JPN","Japan","UN M49"
"KE","Kenya","KEN","Kenya","UN M49"
"KG","Kyrgyzstan","KGZ","Kyrgyzstan","UN M49"
"KH","Cambodia","KHM","Cambodia","UN M49"
"KI","Kiribati","KIR","Kiribati","UN M49"
"KM","Comoros","COM","Comoros","UN M49"
"KN","Saint Kitts and Nevis","KNA","Saint Kitts and Nevis","UN M49"
"KP","Democratic People's Republic of Korea","PRK","Democratic People's Republic of Korea","UN M49"
"KR","Republic of Korea","KOR","Republic of Korea","UN M49"
"KW","Kuwait","KWT","Kuwait","UN M49"
"KY","Cayman Islands","CYM","Cayman Islands","UN M49"
"KZ","Kazakhstan","KAZ","Kazakhstan","UN M49"
"LA","Lao People's Democratic Republic","LAO","Lao People's Democratic Republic","UN M49"
"LB","Lebanon","LBN","Lebanon","UN M49"
"LC","Saint Lucia","LCA","Saint Lucia","UN M49"
"LI","Liechtenstein","LIE","Liechtenstein","UN M49"
"LK","Sri Lanka","LKA","Sri Lanka","UN M49"
"LR","Liberia","LBR","Liberia","UN M49"
"LS","Lesotho","LSO","Lesotho","UN M49"
"LT","Lithuania","LTU","Lithuania","UN M49"
"LU","Luxembourg","LUX","Luxembourg","UN M49"
"LV","Latvia","LVA","Latvia","UN M49"
"LY","Libya","LBY","Libya","UN M49"
"MA","Morocco","MAR","Morocco","UN M49"
"MC","Monaco","MCO","Monaco","UN M49"
"MD","Republic of Moldova","MDA","Republic of Moldova","UN M49"
"ME","Montenegro","MNE","Montenegro","UN M49"
"MF","Saint Martin (French Part)","MAF","Saint Martin (French Part)","UN M49"
"MG","Madagascar","MDG","Madagascar","UN M49"
"MH","Marshall Islands","MHL","Marshall Islands","UN M49"
"MK","North Macedonia","MKD","North Macedonia","UN M49"
"ML","Mali","MLI","Mali","UN M49"
"MM","Myanmar","MMR","Myanmar","UN M49"
"MN","Mongolia","MNG","Mongolia","UN M49"
"MO","China, Macao Special Administrative Region","MAC","China, Macao Special Administrative Region","UN M49"
"MP","Northern Mariana Islands","MNP","Northern Mariana Islands","UN M49"
"MQ","Martinique","MTQ","Martinique","UN M49"
"MR","Mauritania","MRT","Mauritania","UN M49"
"MS","Montserrat","MSR","Montserrat","UN M49"
"MT","Malta","MLT","Malta","UN M49"
"MU","Mauritius","MUS","Mauritius","UN M49"
"MV","Maldives","MDV","Maldives","UN M49"
"MW","Malawi","MWI","Malawi","UN M49"
"MX","Mexico","MEX","Mexico","UN M49"
"MY","Malaysia","MYS","Malaysia","UN M49"
"MZ","Mozambique","MOZ","Mozambique","UN M49"
"NA","Namibia","NAM","Namibia","UN M49"
"NC","New Caledonia","NCL","New Caledonia","UN M49"
"NE","Niger","NER","Niger","UN M49"
"NF","Norfolk Island","NFK","Norfolk Island","UN M49"
"NG","Nigeria","NGA","Nigeria","UN M49"
"NI","Nicaragua","NIC","Nicaragua","UN M49"
"NL","Netherlands","NLD","Netherlands (Kingdom of the)","UN M49"
"NO","Norway","NOR","Norway","UN M49"
"NP","Nepal","NPL","Nepal","UN M49"
"NR","Naoero","NRU","Naoero","UN M49"
"NU","Niue","NIU","Niue","UN M49"
"NZ","New Zealand","NZL","New Zealand","UN M49"
"OM","Oman","OMN","Oman","UN M49"
"PA","Panama","PAN","Panama","UN M49"
"PE","Peru","PER","Peru","UN M49"
"PF","French Polynesia","PYF","French Polynesia","UN M49"
"PG","Papua New Guinea","PNG","Papua New Guinea","UN M49"
"PH","Philippines","PHL","Philippines","UN M49"
"PK","Pakistan","PAK","Pakistan","UN M49"
"PL","Poland","POL","Poland","UN M49"
"PM","Saint Pierre and Miquelon","SPM","Saint Pierre and Miquelon","UN M49"
"PN","Pitcairn","PCN","Pitcairn","UN M49"
"PR","Puerto Rico","PRI","Puerto Rico","UN M49"
"PS","State of Palestine","PSE","State of Palestine","UN M49"
"PT","Portugal","PRT","Portugal","UN M49"
"PW","Palau","PLW","Palau","UN M49"
"PY","Paraguay","PRY","Paraguay","UN M49"
"QA","Qatar","QAT","Qatar","UN M49"
"RE","Réunion","REU","Réunion","UN M49"
"RO","Romania","ROU","Romania","UN M49"
"RS","Serbia","SRB","Serbia","UN M49"
"RU","Russian Federation","RUS","Russian Federation","UN M49"
"RW","Rwanda","RWA","Rwanda","UN M49"
"SA","Saudi Arabia","SAU","Saudi Arabia","UN M49"
"SB","Solomon Islands","SLB","Solomon Islands","UN M49"
"SC","Seychelles","SYC","Seychelles","UN M49"
"SD","Sudan","SDN","Sudan","UN M49"
"SE","Sweden","SWE","Sweden","UN M49"
"SG","Singapore","SGP","Singapore","UN M49"
"SH","Saint Helena","SHN","Saint Helena","UN M49"
"SI","Slovenia","SVN","Slovenia","UN M49"
"SJ","Svalbard and Jan Mayen Islands","SJM","Svalbard and Jan Mayen Islands","UN M49"
"SK","Slovakia","SVK","Slovakia","UN M49"
"SL","Sierra Leone","SLE","Sierra Leone","UN M49"
"SM","San Marino","SMR","San Marino","UN M49"
"SN","Senegal","SEN","Senegal","UN M49"
"SO","Somalia","SOM","Somalia","UN M49"
"SR","Suriname","SUR","Suriname","UN M49"
"SS","South Sudan","SSD","South Sudan","UN M49"
"ST","Sao Tome and Principe","STP","Sao Tome and Principe","UN M49"
"SV","El Salvador","SLV","El Salvador","UN M49"
"SX","Sint Maarten (Dutch part)","SXM","Sint Maarten (Dutch part)","UN M49"
"SY","Syrian Arab Republic","SYR","Syrian Arab Republic","UN M49"
"SZ","Eswatini","SWZ","Eswatini","UN M49"
"TC","Turks and Caicos Islands","TCA","Turks and Caicos Islands","UN M49"
"TD","Chad","TCD","Chad","UN M49"
"TF","French Southern Territories","ATF","French Southern Territories","UN M49"
"TG","Togo","TGO","Togo","UN M49"
"TH","Thailand","THA","Thailand","UN M49"
"TJ","Tajikistan","TJK","Tajikistan","UN M49"
"TK","Tokelau","TKL","Tokelau","UN M49"
"TL","Timor-Leste","TLS","Timor-Leste","UN M49"
"TM","Turkmenistan","TKM","Turkmenistan","UN M49"
"TN","Tunisia","TUN","Tunisia","UN M49"
"TO","Tonga","TON","Tonga","UN M49"
"TR","Türkiye","TUR","Türkiye","UN M49"
"TT","Trinidad and Tobago","TTO","Trinidad and Tobago","UN M49"
"TV","Tuvalu","TUV","Tuvalu","UN M49"
"TW","Taiwan, Province of China","TWN","TAIWAN, PROVINCE OF CHINA","RIPE NCC"
"TZ","United Republic of Tanzania","TZA","United Republic of Tanzania","UN M49"
"UA","Ukraine","UKR","Ukraine","UN M49"
"UG","Uganda","UGA","Uganda","UN M49"
"UM","United States Minor Outlying Islands","UMI","United States Minor Outlying Islands","UN M49"
"US","United States","USA","United States of America","UN M49"
"UY","Uruguay","URY","Uruguay","UN M49"
"UZ","Uzbekistan","UZB","Uzbekistan","UN M49"
"VA","Holy See","VAT","Holy See","UN M49"
"VC","Saint Vincent and the Grenadines","VCT","Saint Vincent and the Grenadines","UN M49"
"VE","Venezuela (Bolivarian Republic of)","VEN","Venezuela (Bolivarian Republic of)","UN M49"
"VG","British Virgin Islands","VGB","British Virgin Islands","UN M49"
"VI","United States Virgin Islands","VIR","United States Virgin Islands","UN M49"
"VN","Viet Nam","VNM","Viet Nam","UN M49"
"VU","Vanuatu","VUT","Vanuatu","UN M49"
"WF","Wallis and Futuna Islands","WLF","Wallis and Futuna Islands","UN M49"
"WS","Samoa","WSM","Samoa","UN M49"
"YE","Yemen","YEM","Yemen","UN M49"
"YT","Mayotte","MYT","Mayotte","UN M49"
"ZA","South Africa","ZAF","South Africa","UN M49"
"ZM","Zambia","ZMB","Zambia","UN M49"
"ZW","Zimbabwe","ZWE","Zimbabwe","UN M49"
